Date,Song,Artist,Peak Position,Weeks in Charts
2024-01-03,(There's No Place Like) Home For The Holidays (1954),Perry Como With Mitchell Ayers And His Orchestra,1,-
2024-02-07,02.02.99,That Mexican OT,74,3
2024-04-17,16 Carriages,Beyonce,38,6
2023-09-27,2018,Rod Wave & Sadie Jean,1,-
2024-05-22,23,Chayce Beckham,45,20
2024-08-28,28,Zach Bryan,14,7
2024-04-17,3001,J. Cole,1,-
2024-08-28,360,Charli xcx,41,11
2023-12-13,3D,Jung Kook & Jack Harlow,5,9
2024-02-14,500lbs,Lil Tecca,51,20
2024-04-17,7 Minute Drill,J. Cole,1,-
2023-10-25,7969 Santa,Drake,16,2
2023-11-01,8am In Charlotte,Drake,17,3
2024-08-28,A Bar Song (Tipsy),Shaboozey,1,19
2024-02-14,A Cold Sunday,Lil Yachty,1,-
2024-01-03,A Holly Jolly Christmas,Burl Ives,4,39
2023-10-25,Acho PR,Bad Bunny| Arcangel| De La Ghetto & Nengo Flow,1,-
2024-05-22,Act II: Date @ 8,4Batz Featuring Drake,7,19
2024-05-15,Adivino,Myke Towers & Bad Bunny,63,2
2024-07-31,After Hours,Kehlani,8,-
2024-06-26,Agora Hills,Doja Cat,7,39
2024-04-03,Ain't No Love,Future & Metro Boomin,1,-
2024-08-28,Ain't No Love In Oklahoma,Luke Combs,13,14
2024-08-21,Alibi,Sevdaliza| Pabllo Vittar & Yseult,95,4
2024-02-07,All I Need Is You,Chris Janson,1,-
2024-01-03,All I Want For Christmas Is You,Mariah Carey,1,65
2024-06-19,All My Life,Falling In Reverse Featuring Jelly Roll,1,-
2024-02-14,All Of Me,21 Savage,18,4
2023-10-25,All The Parties,Drake Featuring Chief Keef,26,2
2024-04-24,All To Myself,Future| Metro Boomin & The Weeknd,1,-
2023-11-15,All You Had To Do Was Stay (Taylor's Version),Taylor Swift,20,2
2023-10-11,All-American Bitch,Olivia Rodrigo,13,4
2024-04-10,Alliigator Tears,Beyonce,1,-
2024-08-21,Am I Okay?,Megan Moroney,86,2
2024-01-10,Amargura,Karol G,6,-
2024-04-10,Amen,Beyonce,1,-
2024-08-28,American Nights,Zach Bryan,21,7
2024-04-10,Ameriican Requiem,Beyonce,1,-
2023-09-27,Angels Don't Always Have Wings,Thomas Rhett,69,9
2023-10-25,Another Late Night,Drake Featuring Lil Yachty,29,2
2023-09-27,Another One Of Me,Diddy| French Montana & The Weeknd Featuring 21 Savage,1,-
2023-11-01,Anti-Hero,Taylor Swift,1,53
2024-07-24,Antichrist,Eminem,1,-
2024-08-28,Apple,Charli xcx,51,5
2023-12-20,Are You Gone Already,Nicki Minaj,1,-
2023-09-13,Area Codes,Kaliii,33,18
2024-06-26,Attitude,Don Toliver Featuring Charlie Wilson & Cash Cobain,2,-
2024-08-28,Austin,Dasha,18,24
2023-10-18,Away From Home,Drake,1,-
2024-08-28,BAND4BAND,Central Cee & Lil Baby,18,13
2023-10-18,BBL Love Interlude,Drake,1,-
2023-11-01,Baby Nueva,Bad Bunny,34,2
2024-03-27,Baby Please,Ivan Cornejo,1,-
2024-05-22,Back In The A,Gunna,1,-
2023-09-27,Back Lit,Rod Wave,1,-
2024-06-19,Back Then Right Now,Tyler Hubbard,62,13
2024-03-06,Back To Me,¥$: Kanye West & Ty Dolla $ign,26,3
2023-11-22,Bad Blood (Taylor's Version),Taylor Swift,7,3
2024-01-17,Bad Idea Right?,Olivia Rodrigo,7,19
2024-07-24,Bad One,Eminem & White Gold,1,-
2023-11-01,Bahamas Promises,Drake,20,3
2023-12-20,Bahm Bahm,Nicki Minaj,1,-
2023-09-27,Ballad Of A Homeschooled Girl,Olivia Rodrigo,24,2
2024-07-03,Bandit,Don Toliver,38,18
2023-12-20,Barbie Dangerous,Nicki Minaj,1,-
2023-11-22,Barbie World,Nicki Minaj & Ice Spice With Aqua,7,21
2024-07-24,Bass Boat,Zach Bryan,61,2
2023-10-25,Baticano,Bad Bunny,1,-
2024-08-28,Beautiful As You,Thomas Rhett,77,11
2024-08-28,Beautiful Things,Benson Boone,2,31
2023-12-27,Beep Beep,Nicki Minaj,64,2
2024-02-22,Beg Forgiveness,¥$: Kanye West & Ty Dolla $ign,1,-
2024-03-27,Bellakeo,Peso Pluma & Anitta,53,14
2024-08-28,Belong Together,Mark Ambor,74,16
2024-04-03,Best For Me,Joyner Lucas & Jelly Roll,1,-
2024-08-07,Better Days,Zach Bryan Featuring John Mayer,46,4
2024-01-17,Better Place,*NSYNC,25,6
2023-11-22,Better Than Ever,YoungBoy Never Broke Again & Rod Wave,1,-
2024-08-28,Big Dawgs,Hanumankind X Kalmi,23,4
2023-12-20,Big Difference,Nicki Minaj,1,-
2024-02-07,Big Foot,Nicki Minaj,1,-
2024-08-21,Big Mama,Latto,1,-
2023-10-11,Bipolar,Peso Pluma x Jasiel Nunez x Junior H,60,4
2024-08-28,Birds Of A Feather,Billie Eilish,5,14
2024-06-12,Bittersuite,Billie Eilish,36,3
2024-02-28,Bittersweet,Gunna,1,-
2024-04-17,Blackbiird,Beyonce| Tanner Adell| Brittney Spencer| Tiera Kennedy & Reyna Roberts,27,2
2023-11-22,Blank Space (Taylor's Version),Taylor Swift,12,3
2023-11-15,Bleed,The Kid LAROI,1,-
2024-06-26,Blue,Billie Eilish,25,5
2024-01-03,Blue Christmas,Elvis Presley,18,13
2024-08-21,Blue Green Red,Drake,1,-
2024-05-22,Boa,Megan Thee Stallion,1,-
2024-04-17,Bodyguard,Beyonce,26,2
2023-11-29,Bongos,Cardi B & Megan Thee Stallion,14,11
2024-07-17,Boons,Zach Bryan,1,-
2023-10-11,Boys Of Faith,Zach Bryan Featuring Bon Iver,26,2
2023-11-01,Boyz Don't Cry,Rod Wave,5,-
2024-07-31,Brand New Dance,Eminem,25,2
2024-04-03,Breathe,Yeat,42,6
2024-07-03,Brother Stone,Don Toliver Featuring Kodak Black,61,2
2024-08-28,Bulletproof,Nate Smith,37,20
2024-06-26,Burgundy,$uicideboy$,1,-
2024-03-20,Burn,¥$: Ye & Ty Dolla $ign,33,5
2024-04-17,Burn It Down,Parker McCollum,42,25
2024-01-10,Burn; Burn; Burn,Zach Bryan,3,-
2023-09-27,Bury Me In Georgia,Kane Brown,34,19
2024-06-19,But Daddy I Love Him,Taylor Swift,7,8
2023-12-13,But I Got A Beer In My Hand,Luke Bryan,91,8
2024-04-03,Bye,Ariana Grande,25,3
2024-08-14,Bye Bye Bye,*NSYNC,24,-
2024-08-28,California Sober,Post Malone Featuring Chris Stapleton,1,-
2023-11-01,Call Your Friends,Rod Wave,9,-
2023-11-29,Calling For You,Drake Featuring 21 Savage,4,-
2023-10-11,Calm Down,Rema & Selena Gomez,3,57
2024-04-24,Came To The Party,Future & Metro Boomin,1,-
2024-01-31,Can't Catch Me Now,Olivia Rodrigo,56,12
2024-01-17,Can't Have Mine,Dylan Scott,57,13
2024-06-26,Carnival,¥$: Ye & Ty Dolla $ign Featuring Rich The Kid & Playboi Carti,1,19
2024-05-08,Cassandra,Taylor Swift,44,2
2024-08-28,Casual,Chappell Roan,59,9
2023-10-04,Checkmate,Rod Wave,55,2
2023-09-06,Chemical,Post Malone,13,20
2024-08-28,Chevrolet,Dustin Lynch Featuring Jelly Roll,61,10
2024-08-28,Chihiro,Billie Eilish,12,14
2024-07-31,Chk Chk Boom,Stray Kids,1,-
2024-05-15,Chloe Or Sam Or Sophia Or Marcus,Taylor Swift,36,3
2024-01-03,Christmas (Baby Please Come Home),Darlene Love,15,22
2024-01-03,Christmastime Is Here,Vince Guaraldi Trio,4,-
2024-05-22,Cinderella,Future| Metro Boomin & Travis Scott,6,8
2024-05-22,Clara Bow,Taylor Swift,21,4
2024-04-10,Claustrophobic,Future & Metro Boomin,24,2
2023-11-15,Clean (Taylor's Version),Taylor Swift,30,2
2024-07-10,Close To You,Gracie Abrams,49,4
2024-03-27,Coal,Dylan Gossett,73,11
2023-11-22,Cobra,Megan Thee Stallion,32,2
2024-05-22,Collage,Gunna,1,-
2023-10-18,Come See Me,Rod Wave,19,6
2024-03-20,Contigo,Karol G & Tiesto,61,4
2024-04-24,Corazon de Piedra,Xavi,73,4
2024-07-31,Cowboys Cry Too,Kelsea Ballerini & Noah Kahan,3,-
2023-12-20,Cowgirl,Nicki Minaj Featuring Lourdiz,1,-
2024-08-28,Cowgirls,Morgan Wallen Featuring ERNEST,12,36
2023-12-27,Crazy,Lil Baby,1,-
2024-03-13,Creek Will Rise,Conner Smith,2,-
2023-11-01,Creepin',Metro Boomin| The Weeknd & 21 Savage,3,47
2024-04-24,Crocodile Tearz,J. Cole,19,2
2024-05-22,Cruel Summer,Taylor Swift,1,54
2024-05-08,Cry,Benson Boone,60,4
2023-09-13,Cupid,Fifty Fifty,17,25
2023-11-01,Cybertruck,Bad Bunny,30,2
2024-01-03,DJ Play A Christmas Song,Cher,90,2
2024-03-06,Dance The Night,Dua Lipa,6,35
2024-01-31,Dangerous,21 Savage| Lil Durk & Metro Boomin,35,2
2024-01-24,Dark Days,21 Savage & Mariah The Scientist,1,-
2024-04-10,Daughter,Beyonce,1,-
2023-09-20,Dawns,Zach Bryan Featuring Maggie Rogers,42,20
2023-11-22,Daylight,David Kushner,33,31
2024-01-03,Deck The Halls,Nat King Cole,16,13
2023-10-04,Deep Satin,Zach Bryan,1,-
2024-03-27,Deeper Well,Kacey Musgraves,1,-
2023-11-01,Deli,Ice Spice,13,-
2023-10-04,Demons,Doja Cat,2,-
2024-04-10,Desert Eagle,Beyonce,1,-
2024-08-28,Devil I've Been,Post Malone Featuring ERNEST,1,-
2024-08-28,Devil Is A Lie,Tommy Richman,32,10
2024-01-10,Dial Drunk,Noah Kahan With Post Malone,24,-
2024-08-21,Did It First,Ice Spice & Central Cee,51,5
2024-08-28,Die With A Smile,Lady Gaga & Bruno Mars,1,-
2024-02-22,Different 'Round Here,Riley Green Featuring Luke Combs,60,11
2024-08-28,Dirt Cheap,Cody Johnson,43,18
2024-08-14,Dirty,Jessie Murph With Teddy Swims,1,-
2024-02-28,Do It,¥$: Kanye West & Ty Dolla $ign,52,2
2024-03-13,Doctor (Work It Out),Pharrell & Miley Cyrus,1,-
2024-03-27,Don't Wanna Break Up Again,Ariana Grande,28,2
2024-03-06,Dont Let Me Go,mgk,1,-
2024-08-21,Double Life,Pharrell Williams,1,-
2024-07-17,Down Bad,Taylor Swift,2,12
2023-10-25,Drew A Picasso,Drake,27,2
2024-04-24,Drink N Dance,Future & Metro Boomin,1,-
2023-10-11,East Side Of Sorrow,Zach Bryan,18,6
2024-03-06,Easy,LE SSERAFIM,1,-
2024-01-31,El Amor de Su Vida,Grupo Frontera & Grupo Firme,67,20
2023-09-20,El Dorado,Zach Bryan,31,3
2023-10-04,El Jefe,Shakira X Fuerza Regida,1,-
2024-04-03,Empire Now,Hozier,1,-
2024-07-17,End Of Beginning,Djo,11,21
2024-06-26,Enough (Miami),Cardi B,9,14
2024-08-28,Espresso,Sabrina Carpenter,3,19
2024-04-03,Eternal Sunshine,Ariana Grande,23,3
2024-08-21,Euphoria,Kendrick Lamar,3,16
2024-08-28,Evergreen,Richy Mitch And The Coal Miners,83,2
2024-05-01,Everybody,Nicki Minaj Featuring Lil Uzi Vert,24,20
2024-04-10,Everyday Hustle,Future| Metro Boomin & Rick Ross,38,2
2023-12-20,Everything I Love,Morgan Wallen,14,42
2023-12-13,Everywhere; Everything,Noah Kahan With Gracie Abrams,1,-
2024-07-24,Evil,Eminem,1,-
2023-11-29,Evil Ways,Drake Featuring J. Cole,1,-
2024-04-10,Exes,Tate McRae,34,20
2024-06-19,FE!N,Travis Scott Featuring Playboi Carti,5,32
2024-03-27,FRI(END)S,V,1,-
2024-05-01,FTCU,Nicki Minaj,15,20
2024-02-07,Facts,Tom MacDonald X Ben Shapiro,1,-
2023-12-20,Fallin 4 U,Nicki Minaj,1,-
2024-06-19,Family Matters,Drake,7,6
2024-04-24,Fast Car,Luke Combs,2,56
2023-09-20,Fear And Friday's,Zach Bryan,24,3
2023-09-06,Fear And Friday's (Poem),Zach Bryan,1,-
2023-11-01,Fear Of Heights,Drake,10,3
2024-08-21,Feather,Sabrina Carpenter,21,37
2024-05-08,Feel It,d4vd,94,3
2024-01-03,Feliz Navidad,Jose Feliciano,6,32
2024-08-28,Femininomenon,Chappell Roan,66,5
2024-04-17,Fever,J. Cole,1,-
2024-08-21,Field Trip,¥$: Kanye West & Ty Dolla $ign Featuring Playboi Carti| Kodak Black & Don Toliver,48,2
2023-09-27,Fight The Feeling,Rod Wave,16,20
2023-11-15,Fina,Bad Bunny & Young Miko,14,4
2024-08-28,Finer Things,Post Malone Featuring Hank Williams Jr.,1,-
2024-02-14,First Love,Oscar Ortiz X Edgardo Nunez,91,3
2024-02-28,First Person Shooter,Drake Featuring J. Cole,1,20
2024-04-10,Flamenco,Beyonce,1,-
2024-06-12,Florida!!!,Taylor Swift Featuring Florence + The Machine,8,7
2024-03-13,Flowers,Miley Cyrus,1,55
2024-03-13,Forever,Noah Kahan,28,4
2024-08-28,Fortnight,Taylor Swift Featuring Post Malone,1,18
2024-05-22,Fresh Out The Slammer,Taylor Swift,11,4
2024-08-14,Fried,¥$: Kanye West & Ty Dolla $ign,1,-
2024-04-10,Fried (She A Vibe),Future & Metro Boomin,33,2
2024-06-26,Front Door Famous,Luke Combs,1,-
2024-07-31,Fuel,Eminem & JID,21,2
2024-03-20,Fuk Sumn,¥$: Ye & Ty Dolla $ign,23,5
2024-02-14,Fukumean,Gunna,4,32
2024-07-17,Funny Man,Zach Bryan,1,-
2024-04-03,GTA,Future & Metro Boomin,1,-
2024-08-28,Gata Only,FloyyMenor X Cris Mj,27,23
2023-11-01,Gently,Drake Featuring Bad Bunny,12,3
2024-01-31,Get Him Back!,Olivia Rodrigo,11,20
2024-06-26,Get In With Me,BossMan DLow,49,20
2024-08-07,Get It Sexyy,Sexyy Red,20,20
2023-11-08,Ghostbusters,Ray Parker Jr.,24,-
2023-10-04,Girl In Mine,Parmalee,81,9
2024-04-03,Girl I’ve Always Been,Olivia Rodrigo,1,-
2024-07-10,Girl; So Confusing,Charli xcx With Lorde,63,2
2024-08-21,Girls,The Kid LAROI,6,-
2023-11-15,God Gave Me A Girl,Russell Dickerson,81,5
2024-08-28,Goes Without Saying,Post Malone Featuring Brad Paisley,1,-
2024-02-22,Good (Don't Die),¥$: Kanye West & Ty Dolla $ign,1,-
2024-02-28,Good Good,Usher| Summer Walker & 21 Savage,25,28
2024-08-28,Good Luck; Babe!,Chappell Roan,6,20
2023-10-25,Gracias Por Nada,Bad Bunny,1,-
2024-01-24,Great Gatsby,Rod Wave,30,17
2024-07-10,Greedy,Tate McRae,3,42
2024-08-28,Guess,Charli xcx Featuring Billie Eilish,12,3
2024-07-03,Guilty As Sin?,Taylor Swift,10,10
2024-07-24,Guilty Conscience 2,Eminem,1,-
2024-08-28,Guy For That,Post Malone Featuring Luke Combs,17,4
2024-04-17,H.Y.B.,J. Cole Featuring Bas & Central Cee,1,-
2023-10-11,HG4,Rod Wave,51,3
2023-10-04,HVN On Earth,Lil Tecca & Kodak Black,1,-
2024-07-31,Habits,Eminem & White Gold,19,2
2024-05-22,Hakuna Matata,Gunna,1,-
2024-07-03,Halfway To Hell,Jelly Roll,48,12
2024-08-28,Hang Tight Honey,Lainey Wilson,61,10
2024-01-03,Happy Holiday / The Holiday Season,Andy Williams,18,19
2024-01-03,Happy Xmas (War Is Over),John & Yoko/The Plastic Ono Band With The Harlem Community Choir,38,6
2024-03-27,Harley Quinn,Fuerza Regida & Marshmello,40,20
2024-08-14,Hate Me,Lil Yachty & ian,68,2
2024-08-28,Have The Heart,Post Malone Featuring Dolly Parton,1,-
2024-01-03,Have Yourself A Merry Little Christmas,Michael Buble,4,-
2024-07-24,Head Honcho,Eminem & Ez Mil,1,-
2024-06-12,Heat Stick,Shoreline Mafia Presents OhGeesy & Fenix Flexin,97,3
2024-07-03,Hell N Back,Bakar Featuring Summer Walker,53,12
2024-08-28,Help Me,Real Boston Richey,62,5
2024-01-03,Here Comes Santa Claus (Right Down Santa Claus Lane),Gene Autry,21,20
2024-01-17,Hey Driver,Zach Bryan Featuring The War And Treaty,14,20
2023-11-01,Hibiki,Bad Bunny & Mora,24,2
2024-08-28,Hide My Gun,Post Malone Featuring HARDY,1,-
2024-08-28,High Road,Koe Wetzel & Jessie Murph,22,11
2024-08-14,Highjack,A$AP Rocky Featuring Jessica Pratt,1,-
2024-03-13,Hiss,Megan Thee Stallion,1,6
2023-09-20,Holy Roller,Zach Bryan Featuring Sierra Ferrell,37,3
2024-08-21,Holy Smokes,Bailey Zimmerman,5,-
2024-04-24,Home,Good Neighbours,77,11
2024-02-22,Hoodrat,¥$: Kanye West & Ty Dolla $ign,1,-
2024-08-28,Hot To Go!,Chappell Roan,16,12
2024-07-10,Hot Uptown,Camila Cabello Featuring Drake,1,-
2024-08-28,Houdini,Eminem,2,12
2024-08-21,Housekeeping Knows,Drake Featuring Latto,1,-
2024-05-22,How Did It End?,Taylor Swift,35,4
2023-11-08,How You Get The Girl (Taylor's Version),Taylor Swift,1,-
2024-04-24,Huntin' Wabbitz,J. Cole,28,2
2024-08-28,I Am Not Okay,Jelly Roll,29,10
2024-08-28,I Can Do It With A Broken Heart,Taylor Swift,3,18
2024-04-03,I Can Feel It,Kane Brown,50,13
2024-05-22,I Can Fix Him (No Really I Can),Taylor Swift,20,4
2024-07-10,I Don't Wanna Wait,David Guetta & OneRepublic,1,-
2024-08-28,I Had Some Help,Post Malone Featuring Morgan Wallen,1,15
2024-05-15,I Hate It Here,Taylor Swift,34,3
2024-01-17,I Know ?,Travis Scott,11,22
2023-11-08,I Know Places (Taylor's Version),Taylor Swift,1,-
2024-08-14,I Like The Way You Kiss Me,Artemas,12,20
2024-05-08,I Look In People's Windows,Taylor Swift,39,2
2024-08-28,I Love You; I'm Sorry,Gracie Abrams,74,3
2024-04-10,I Luv It,Camila Cabello & Playboi Carti,1,-
2024-08-28,I Remember Everything,Zach Bryan Featuring Kacey Musgraves,1,52
2024-01-03,I Saw Mommy Kissing Santa Claus,Jackson 5,1,-
2023-11-29,"I Swear; I Really Wanted To Make A ""Rap"" Album But...",Andre 3000,1,-
2024-05-22,I Think I'm In Love With You,Chris Stapleton,2,-
2024-03-27,I Wish I Hated You,Ariana Grande,39,2
2023-11-08,I Wish You Would (Taylor's Version),Taylor Swift,1,-
2024-02-28,IDGAF,Drake Featuring Yeat,2,20
2024-04-10,II Hands II Heaven,Beyonce,1,-
2024-05-15,II Most Wanted,Beyonce & Miley Cyrus,6,6
2024-06-26,Ice Age,Don Toliver Featuring Travis Scott,1,-
2024-04-10,Ice Attack,Future & Metro Boomin,13,2
2024-03-27,Igual Que Un Angel,Kali Uchis & Peso Pluma,22,10
2024-08-21,Illusion,Dua Lipa,43,18
2024-03-27,Imperfect For You,Ariana Grande,37,2
2023-10-11,In Your Love,Tyler Childers,43,10
2024-07-31,Indifferent,Megan Moroney,91,2
2024-03-27,Intro (End Of The World),Ariana Grande,38,2
2024-04-03,Is It Over Now? (Taylor's Version) [From The Vault],Taylor Swift,1,22
2024-01-03,It's Beginning To Look A Lot Like Christmas,Michael Buble,19,20
2024-01-03,It's The Most Wonderful Time Of The Year,Andy Williams,5,39
2024-08-28,It's Up,Drake| Young Thug & 21 Savage,28,2
2024-01-24,J Christ,Lil Nas X,1,-
2023-09-06,Jaded,Miley Cyrus,56,15
2023-09-13,Jake's Piano - Long Island,Zach Bryan,41,2
2024-04-24,Jealous,Future & Metro Boomin,1,-
2024-01-03,Jingle Bell Rock,Bobby Helms,3,56
2024-01-03,Jingle Bells,Frank Sinatra With The Orchestra & Chorus Of Gordon Jenkins,16,14
2023-10-11,Johnny Dang,That Mexican OT| Paul Wall & DRODi,65,12
2024-04-24,Jolene,Beyonce,7,3
2024-04-10,Just For Fun,Beyonce & Willie Jones,1,-
2024-01-24,Just Like Me,21 Savage| Burna Boy & Metro Boomin,1,-
2023-09-20,K-POP,Travis Scott| Bad Bunny & The Weeknd,7,8
2023-10-11,Karma,Taylor Swift Featuring Ice Spice,2,30
2023-09-13,Keep Going Up!,Timbaland| Nelly Furtado & Justin Timberlake,1,-
2023-09-27,Keep It G,Rod Wave,1,-
2024-08-28,Kehlani,Jordan Adetunji,25,9
2024-02-22,Keys To My Life,¥$: Kanye West & Ty Dolla $ign,1,-
2024-01-17,Kill Bill,SZA,1,52
2024-02-22,King,¥$: Kanye West & Ty Dolla $ign,1,-
2024-06-26,Kryptonite,Don Toliver,1,-
2024-07-10,L'amour De Ma Vie,Billie Eilish,22,7
2023-11-22,LALALALA,Stray Kids,1,-
2024-05-08,La Diabla,Xavi,20,20
2024-05-22,La Durango,Peso Pluma| Junior H & Eslabon Armado,1,-
2024-02-07,La Intencion,Christian Nodal & Peso Pluma,1,-
2024-08-28,La Patrulla,Peso Pluma & Neton Vega,75,5
2024-04-10,La People II,Peso Pluma| Tito Double P & Joel de La P,69,2
2024-04-03,La Victima,Xavi,46,15
2023-11-29,LaLa,Myke Towers,43,20
2023-12-06,Labios Mordidos,Kali Uchis & Karol G,1,-
2024-01-17,Lace It,Juice WRLD| Eminem & benny blanco,85,4
2023-10-04,Lacy,Olivia Rodrigo,23,3
2023-11-15,Lady Gaga,Peso Pluma| Gabito Ballesteros & Junior H,35,20
2023-09-20,Lagunas,Peso Pluma & Jasiel Nunez,9,-
2024-01-03,Last Christmas,Wham!,4,38
2024-03-27,Last Night,Morgan Wallen,1,60
2023-09-20,Last Time I Saw You,Nicki Minaj,23,2
2024-01-03,Let It Snow; Let It Snow; Let It Snow!,Dean Martin,7,31
2023-12-20,Let Me Calm Down,Nicki Minaj Featuring J. Cole,1,-
2024-07-10,Let Your Boys Be Country,Jason Aldean,83,4
2024-05-15,Let's Go,Key Glock & Young Dolph,59,9
2024-01-24,Letter To My Brudda,21 Savage,1,-
2024-04-17,Levii's Jeans,Beyonce & Post Malone,16,2
2024-08-14,Liar,Jelly Roll,1,-
2024-08-28,Lies Lies Lies,Morgan Wallen,7,7
2024-07-17,Like Ida,Zach Bryan,1,-
2024-01-03,Like It's Christmas,Jonas Brothers,40,7
2024-08-28,Like That,Future| Metro Boomin & Kendrick Lamar,1,22
2024-03-27,Like What (Freestyle),Cardi B,38,3
2024-02-14,Lil Boo Thang,Paul Russell,14,21
2024-08-07,Linger (SiriusXM Session),Royel Otis,1,-
2024-08-07,Lithonia,Childish Gambino,69,3
2024-01-03,Little Saint Nick,The Beach Boys,25,8
2023-10-04,Logical,Olivia Rodrigo,20,3
2024-08-28,Lonely Road,mgk & Jelly Roll,33,4
2023-10-11,Long Journey,Rod Wave,39,3
2023-10-25,Los Pits,Bad Bunny,1,-
2024-08-28,Lose Control,Teddy Swims,1,54
2024-05-22,Lose My Breath,Stray Kids Featuring Charlie Puth,1,-
2024-08-28,Losers,Post Malone Featuring Jelly Roll,1,-
2023-09-27,Love For A Thug,Rod Wave,1,-
2023-10-04,Love Is Embarrassing,Olivia Rodrigo,25,3
2024-03-06,Love On,Selena Gomez,1,-
2023-09-27,Love Story/Interlude,Rod Wave,1,-
2023-10-04,Love You Anyway,Luke Combs,15,33
2024-08-28,Love You; Miss You; Mean It,Luke Bryan,87,3
2024-08-07,Lovin On Me,Jack Harlow,1,38
2024-07-24,Lucifer,Eminem & Sly Pyper,1,-
2024-08-07,Lucky,Halsey,1,-
2024-08-28,Lunch,Billie Eilish,5,14
2024-04-24,Luv Bad Bitches,Future| Metro Boomin & Brownstone,1,-
2024-08-28,M-E-X-I-C-O,Post Malone Featuring Billy Strings,1,-
2024-06-19,Made For Me,Muni Long,20,22
2024-04-10,Magic Don Juan (Princess Diana),Future & Metro Boomin,27,2
2024-04-17,Magnetic,ILLIT,1,-
2023-10-04,Making The Bed,Olivia Rodrigo,19,3
2024-04-17,Mamaw's House,Thomas Rhett Featuring Morgan Wallen,55,15
2024-08-28,Mamushi,Megan Thee Stallion Featuring Yuki Chiba,36,8
2024-04-24,Man Made A Bar,Morgan Wallen Featuring Eric Church,15,30
2023-09-13,Margaritaville,Jimmy Buffett,23,-
2024-07-17,Mechanical Bull,Zach Bryan,1,-
2024-06-05,Meet The Grahams,Kendrick Lamar,12,4
2023-12-13,Meltdown,Travis Scott Featuring Drake,3,19
2023-11-01,Members Only,Drake Featuring PARTYNEXTDOOR,24,3
2024-07-17,Memphis; The Blues,Zach Bryan Featuring John Moreland,1,-
2023-10-25,Mercedes Carota,Bad Bunny & YOVNGCHIMI,1,-
2024-01-03,Merry Christmas,Ed Sheeran & Elton John,7,-
2024-01-17,Mi Ex Tenia Razon,Karol G,22,16
2024-08-28,Miles On It,Marshmello & Kane Brown,18,16
2024-08-28,Million Dollar Baby,Tommy Richman,2,17
2024-01-17,Mind On You,George Birge,62,4
2024-08-07,Misses,Dominic Fike,99,2
2024-08-28,Missin' You Like This,Post Malone Featuring Luke Combs,1,-
2024-01-03,Mistletoe,Justin Bieber,13,-
2024-05-15,Mmhmm,BigXthaPlug,63,20
2024-03-06,Monaco,Bad Bunny,5,20
2023-11-08,Monster Mash,"Bobby ""Boris"" Pickett And The Crypt-Kickers",40,-
2024-03-27,Mr Pot Scraper,BossMan Dlow,1,-
2023-11-01,Mr. October,Bad Bunny,28,2
2023-11-08,Mr. Take Ya B*tch,Lil Mabu & chriseanrock,1,-
2024-03-27,Murder On The Dancefloor,Sophie Ellis-Bextor,51,12
2024-06-19,My Boy Only Breaks His Favorite Toys,Taylor Swift,6,8
2024-03-20,My Eyes,Travis Scott,19,13
2023-12-13,My House,Beyonce,1,-
2024-08-28,My Kink Is Karma,Chappell Roan,81,3
2024-02-14,My Love Mine All Mine,Mitski,26,20
2024-04-10,My Rose,Beyonce,1,-
2024-02-14,N.H.I.E.,21 Savage & Doja Cat,19,4
2023-10-25,Nadie Sabe,Bad Bunny,1,-
2024-08-28,Nasty,Tinashe,61,12
2024-05-22,Neck On A Yacht,Gunna,1,-
2024-03-27,Nee-nah,21 Savage| Travis Scott & Metro Boomin,10,10
2024-03-13,Need A Favor,Jelly Roll,13,47
2024-01-10,Needle,Nicki Minaj Featuring Drake,34,4
2024-08-28,Nel,Fuerza Regida,73,4
2024-06-19,Never Let Go,Jung Kook,1,-
2024-05-15,Never Lose Me,Flo Milli,15,21
2024-08-28,Never Love You Again,Post Malone Featuring Sierra Ferrell,1,-
2023-11-15,New Romantics (Taylor's Version),Taylor Swift,29,2
2024-07-10,New To Country,Bailey Zimmerman,1,-
2024-08-28,New Woman,LISA Featuring Rosalia,1,-
2024-08-28,Nights Like This,The Kid LAROI,47,9
2023-10-04,Nine Ball,Zach Bryan,1,-
2024-02-07,No Caller ID,Megan Moroney,58,2
2023-10-25,No Me Quiero Casar,Bad Bunny,1,-
2024-04-24,Nobody Knows My Struggle,Future & Metro Boomin,1,-
2024-02-28,Northern Attitude,Noah Kahan With Hozier,37,12
2024-07-17,Northern Thunder,Zach Bryan,1,-
2024-08-28,Nosedive,Post Malone Featuring Lainey Wilson,1,-
2023-10-04,Nostalgia,Rod Wave & Wet,40,2
2024-08-28,Not Like Us,Kendrick Lamar,1,16
2023-11-22,Now And Then,The Beatles,7,2
2024-01-17,Now That We Don't Talk (Taylor's Version) [From The Vault],Taylor Swift,2,8
2024-07-24,Oak Island,Zach Bryan,48,2
2024-06-19,Obsessed,Olivia Rodrigo,14,12
2024-04-10,Oh Louisiana,Beyonce,1,-
2023-10-11,Oh U Went,Young Thug Featuring Drake,19,15
2024-08-21,Okay,JT,6,-
2024-03-20,Oklahoma Smokeshow,Zach Bryan,72,20
2023-09-13,Oklahoman Son,Zach Bryan,47,2
2024-03-06,Old Days,Lil Durk,1,-
2024-03-13,On My Mama,Victoria Monet,33,25
2024-06-12,On One Tonight,Gunna,54,4
2024-04-17,One Call,Rich Amiri,10,-
2023-11-01,One More Time,blink-182,2,-
2024-05-15,One Of The Girls,The Weeknd| Jennie & Lily Rose Depp,51,20
2024-08-28,One Of Wun,Gunna,26,15
2023-11-01,One Of Your Girls,Troye Sivan,1,-
2024-03-20,Ordinary Things,Ariana Grande Featuring Nonna,1,-
2024-07-10,Otaku Hot Girl,Megan Thee Stallion,1,-
2024-04-24,Out Of My Hands,Future & Metro Boomin,1,-
2023-11-22,Out Of The Woods (Taylor's Version),Taylor Swift,16,3
2024-07-31,Outskirts,Sam Hunt,14,-
2024-03-13,Overcompensate,twenty one pilots,1,-
2024-04-24,Overseas,Ken Carson,1,-
2023-09-20,Overtime,Zach Bryan,22,3
2024-07-24,PJ,BossMan DLow & Lil Baby,1,-
2024-02-22,Paid,¥$: Kanye West & Ty Dolla $ign,1,-
2023-10-04,Pain; Sweet; Pain,Zach Bryan,1,-
2024-04-24,Paint The Town Red,Doja Cat,1,37
2024-02-22,Paperwork,¥$: Kanye West & Ty Dolla $ign,1,-
2024-08-21,Parking Lot,Mustard & Travis Scott,57,5
2023-09-27,Pass You By,Rod Wave,1,-
2023-10-25,Peaches & Eggplants,Young Nudy Featuring 21 Savage,33,20
2024-03-27,Perro Negro,Bad Bunny & Feid,20,20
2024-05-08,Peter,Taylor Swift,46,2
2024-04-17,Pi,J. Cole Featuring Daylyt & Ab-Soul,1,-
2023-12-20,Pink Birthday,Nicki Minaj,1,-
2023-12-20,Pink Friday Girls,Nicki Minaj,1,-
2024-08-28,Pink Pony Club,Chappell Roan,26,10
2024-08-28,Pink Skies,Zach Bryan,6,13
2024-01-03,Please Come Home For Christmas,Eagles,18,15
2024-08-28,Please Please Please,Sabrina Carpenter,1,11
2023-10-18,Polar Opposites,Drake,1,-
2024-01-31,Pop Ur Sht,21 Savage| Young Thug & Metro Boomin,31,2
2023-10-18,Popular,The Weeknd| Playboi Carti & Madonna,43,19
2024-08-28,Pour Me A Drink,Post Malone Featuring Blake Shelton,12,9
2024-05-22,Prada Dem,Gunna Featuring Offset,2,-
2024-05-01,Praise Jah In The Moonlight,YG Marley,34,13
2023-09-27,Pretty Isn't Pretty,Olivia Rodrigo,30,2
2024-03-27,Pretty Little Poison,Warren Zeiders,19,28
2024-08-28,Pretty Slowly,Benson Boone,1,-
2024-04-17,Pricey,J. Cole Featuring Ari Lennox| Young Dro & Gucci Mane,1,-
2023-09-13,Primera Cita,Carin Leon,97,2
2023-09-06,Princess Diana,Ice Spice & Nicki Minaj,4,20
2024-02-22,Problematic,¥$: Kanye West & Ty Dolla $ign,1,-
2024-08-14,Promotion,¥$: Kanye West & Ty Dolla $ign Featuring Future,1,-
2024-04-10,Protector,Beyonce & Rumi Carter,1,-
2024-03-13,Prove It,21 Savage & Summer Walker,43,7
2024-02-28,Psycho CEO,Yeat,1,-
2024-04-03,Punteria,Shakira & Cardi B,1,-
2024-07-17,Purple Gas,Zach Bryan & Noeline Hofmann,2,-
2024-06-05,Push Ups,Drake,17,6
2023-09-27,Put It On Da Floor Again,Latto Featuring Cardi B,13,16
2024-01-10,Qlona,Karol G & Peso Pluma,28,21
2024-02-14,Que Onda,Calle 24 x Chino Pacas x Fuerza Regida,61,19
2023-12-20,RNB,Nicki Minaj Featuring Lil Wayne & Tate Kobang,1,-
2023-09-27,Rap Beef,Rod Wave,1,-
2024-04-17,Ready '24,J. Cole Featuring Cam'Ron,1,-
2023-11-29,Red Button,Drake,1,-
2024-04-24,Red Leather,Future| Metro Boomin & J. Cole,1,-
2024-01-31,Red Sky,21 Savage| Tommy Newport & Mikky Ekko,57,2
2024-08-28,Red Wine Supernova,Chappell Roan,41,12
2024-06-05,Redrum,21 Savage,5,20
2023-11-01,Religiously,Bailey Zimmerman,13,25
2024-07-03,Reloj,Peso Pluma & Ivan Cornejo,1,-
2024-07-10,Remember Him That Way,Luke Combs,35,3
2024-07-31,Renaissance,Eminem,20,2
2024-08-21,Residuals,Chris Brown,1,-
2024-03-13,Rich Baby Daddy,Drake Featuring Sexyy Red & SZA,11,22
2024-01-24,Rich Men North Of Richmond,Oliver Anthony Music,1,20
2024-08-28,Right About You,Post Malone,1,-
2024-04-10,Riiverdance,Beyonce,1,-
2024-07-03,Risk,Gracie Abrams,1,-
2024-07-24,Road Rage,Eminem| Dem Jointz & Sly Pyper,1,-
2024-05-01,Robin,Taylor Swift,1,-
2024-01-03,Rockin' Around The Christmas Tree,Brenda Lee,1,58
2024-07-10,Rockstar,LISA,1,-
2024-01-17,Rompe La Dompe,Peso Pluma| Junior H & Oscar Maydon,81,2
2023-10-11,Rubicon,Peso Pluma,12,-
2024-01-03,Rudolph The Red-Nosed Reindeer,Gene Autry & The Pinafores,16,27
2024-01-17,Run For The Hills,Tate McRae,69,4
2024-01-03,Run Rudolph Run,Chuck Berry,10,22
2024-04-03,Runnin Outta Time,Future & Metro Boomin,1,-
2023-09-13,S91,Karol G,45,6
2024-01-17,Sabor Fresa,Fuerza Regida,16,-
2024-08-28,Sailor Song,Gigi Perez,1,-
2024-07-24,Sandpaper,Zach Bryan Featuring Bruce Springsteen,71,2
2024-01-03,Santa Baby,Eartha Kitt With Henri Rene And His Orchestra,20,9
2024-01-03,Santa Claus Is Comin' To Town,Jackson 5,30,11
2024-01-03,Santa Tell Me,Ariana Grande,11,24
2023-11-15,Sarah's Place,Zach Bryan Featuring Noah Kahan,4,-
2024-08-28,Saturn,SZA,6,26
2024-03-27,Save Me,Jelly Roll With Lainey Wilson,19,37
2024-01-31,Save Me The Trouble,Dan + Shay,38,13
2023-12-06,Say Don't Go (Taylor's Version) [From The Vault],Taylor Swift,5,5
2023-11-01,Say My Grace,Offset Featuring Travis Scott,48,2
2024-04-03,Scared Of My Guitar,Olivia Rodrigo,1,-
2024-07-31,Scared To Start,Michael Marcagi,54,23
2023-10-18,Screw The World Interlude,Drake,1,-
2023-11-01,Seda,Bad Bunny & Bryant Myers,38,2
2024-01-24,See The Real,21 Savage,1,-
2023-09-13,See You Again,Tyler| The Creator Featuring Kali Uchis,44,20
2024-04-03,Seen It All,Future & Metro Boomin,1,-
2024-01-31,Segun Quien,Maluma & Carin Leon,65,17
2024-05-01,Selfish,Justin Timberlake,19,13
2024-04-03,Sensational,Chris Brown Featuring Davido & Lojay,71,8
2023-11-22,Seven,Jung Kook Featuring Latto,1,15
2023-11-15,Shake It Off (Taylor's Version),Taylor Swift,28,2
2023-09-13,Shake Sumn,DaBaby,65,16
2023-10-11,Shaq & Kobe,Rick Ross & Meek Mill,1,-
2024-02-22,She Calls Me Back,Noah Kahan With Kacey Musgraves,2,-
2024-08-28,She's Somebody's Daughter (Reimagined),Drew Baldridge,93,2
2024-02-14,Should've Wore A Bonnet,21 Savage & Brent Faiyaz,40,4
2024-04-24,Show Of Hands,Future| Metro Boomin & A$AP Rocky,1,-
2024-08-28,Si Antes Te Hubiera Conocido,Karol G,32,9
2024-06-19,Si No Es Contigo,Cris Mj,72,3
2024-08-28,Si No Quieres No,Luis R Conriquez x Neton Vega,53,16
2023-11-22,Single Soon,Selena Gomez,19,12
2023-09-20,Sittin' On Top Of The World,Burna Boy,80,3
2023-11-29,SkeeYee,Sexyy Red,62,12
2024-01-31,Skin And Bones,David Kushner,1,-
2024-06-19,Skinny,Billie Eilish,18,4
2024-01-03,Sleigh Ride,The Ronettes,8,28
2024-08-14,Slide,¥$: Kanye West & Ty Dolla $ign,1,-
2024-01-17,Slime You Out,Drake Featuring SZA,1,14
2024-04-10,Slimed In,Future & Metro Boomin,20,2
2023-09-20,Slow Dancing,V,1,-
2024-08-28,Slow It Down,Benson Boone,34,22
2023-12-06,Slut! (Taylor's Version) [From The Vault],Taylor Swift,3,5
2023-09-20,Smaller Acts,Zach Bryan,38,3
2024-07-10,Smeraldo Garden Marching Band,Jimin & Loco,1,-
2023-11-22,Smurk Carter,Lil Durk,1,-
2024-02-07,Sneaky,21 Savage,33,3
2024-04-24,Snooze,SZA,2,70
2024-04-03,So American,Olivia Rodrigo,1,-
2024-05-22,So High School,Taylor Swift,24,4
2024-06-19,So Long; London,Taylor Swift,5,8
2024-05-01,Soak City,310babii,53,19
2024-01-17,Soak City (Do It),310babii,66,4
2024-08-07,Somebody Save Me,Eminem & Jelly Roll,27,3
2024-04-10,Spaghettii,Beyonce| Linda Martell & Shaboozey,1,-
2024-06-26,Spin You Around (1/24),Morgan Wallen,24,20
2023-10-11,Spotless,Zach Bryan Featuring The Lumineers,17,6
2023-09-13,Stand By Me,Lil Durk Featuring Morgan Wallen,22,15
2024-03-20,Standing Next To You,Jung Kook,5,19
2023-11-22,Standing Room Only,Tim McGraw,60,10
2024-08-28,Stargazing,Myles Smith,40,15
2024-02-22,Stars,¥$: Kanye West & Ty Dolla $ign,1,-
2023-11-22,Stars Like Confetti,Dustin Lynch,81,6
2024-04-17,Stealth Mode,J. Cole Featruing Bas,1,-
2024-08-28,Stick Season,Noah Kahan,9,47
2024-04-17,Stickz N Stonez,J. Cole,1,-
2023-11-29,Stories About My Brother,Drake,1,-
2024-04-03,Stranger,Olivia Rodrigo,1,-
2024-02-14,Strangers,Kenya Grace,42,21
2024-04-24,Streets Made Me A King,Future & Metro Boomin,1,-
2023-11-29,Style (Taylor's Version),Taylor Swift,9,4
2023-11-22,Suburban Legends (Taylor's Version) [From The Vault],Taylor Swift,10,3
2023-09-20,Summer Too Hot,Chris Brown,93,4
2023-09-20,Summertime's Close,Zach Bryan,23,3
2024-02-22,Sunday Service,Latto,1,-
2023-09-06,Super Shy,NewJeans,48,8
2024-04-03,Supernatural,Ariana Grande,17,3
2024-04-03,Surround Sound,JID Featuring 21 Savage & Baby Tate,40,20
2024-04-10,Sweet * Honey * Buckiin',Beyonce & Shaboozey,1,-
2024-08-21,Sweet Dreams,Koe Wetzel,35,13
2024-08-28,TGIF,GloRilla,28,9
2023-09-20,TQM,Fuerza Regida,34,17
2024-06-26,Take Her Home,Kenny Chesney,71,6
2024-02-28,Talking,¥$: Kanye West & Ty Dolla $ign Featuring North West,30,2
2023-09-27,Teenage Dream,Olivia Rodrigo,39,2
2023-11-01,Telefono Nuevo,Bad Bunny & Luar La L,32,2
2023-10-18,Telekinesis,Travis Scott Featuring SZA & Future,26,11
2024-05-22,Tell Ur Girlfriend,Lay Bankz,58,5
2024-07-24,Temporary,Eminem & Skylar Grey,1,-
2024-07-03,Texas Hold 'Em,Beyonce,1,20
2024-05-15,The Albatross,Taylor Swift,30,3
2024-06-05,The Alchemy,Taylor Swift,13,6
2024-05-22,The Black Dog,Taylor Swift,25,4
2024-05-08,The Bolter,Taylor Swift,47,2
2024-08-28,The Boy Is Mine,Ariana Grande,16,16
2024-01-03,The Christmas Song (Merry Christmas To You),"Nat ""King"" Cole",9,44
2024-06-05,The Craving,Twenty One Pilots,1,-
2024-06-19,The Diner,Billie Eilish,31,4
2024-08-28,The Door,Teddy Swims,48,12
2024-07-17,The Great American Bar Scene,Zach Bryan,1,-
2024-06-19,The Greatest,Billie Eilish,24,4
2023-10-11,The Grudge,Olivia Rodrigo,16,4
2024-07-03,The Man He Sees In Me,Luke Combs,39,3
2024-05-08,The Manuscript,Taylor Swift,51,2
2024-03-20,The Painter,Cody Johnson,25,23
2024-05-22,The Prophecy,Taylor Swift,32,4
2023-10-11,The Secret Recipe,Lil Yachty & J. Cole,1,-
2023-11-29,The Shoe Fits,Drake,1,-
2024-06-12,The Smallest Man Who Ever Lived,Taylor Swift,14,7
2024-06-26,The Thin Grey Line,$uicideboy$,1,-
2024-06-12,The Tortured Poets Department,Taylor Swift,4,7
2024-07-17,The Way Back,Zach Bryan,1,-
2023-09-06,There I Go,Gucci Mane Featuring J. Cole & Mike WiLL Made-It,1,-
2024-08-28,Think I'm In Love With You,Chris Stapleton,49,16
2024-03-13,Think U The Shit (Fart),Ice Spice,37,6
2024-03-27,Thinkin' Bout Me,Morgan Wallen,7,55
2024-01-03,This Christmas,Donny Hathaway,34,5
2023-11-08,This Is Halloween,The Citizens of Halloween,1,-
2023-11-08,This Love (Taylor's Version),Taylor Swift,2,-
2024-04-24,This Sunday,Future & Metro Boomin,1,-
2024-06-26,Thorns,$uicideboy$,1,-
2023-11-08,Thriller,Michael Jackson,23,-
2023-10-25,Thunder y Lightning,Bad Bunny & Eladio Carrion,1,-
2023-09-20,Ticking,Zach Bryan,29,3
2024-08-07,Tobey,Eminem| Big Sean & BabyTron,24,5
2023-12-06,Too Much,The Kid LAROI| Jung Kook & Central Cee,44,6
2024-08-28,Too Sweet,Hozier,1,22
2024-06-26,Tore Up,Don Toliver,1,-
2024-08-14,Tough,Quavo & Lana Del Rey,33,5
2024-03-27,Tourniquet,Zach Bryan,20,12
2024-07-17,Towers,Zach Bryan,1,-
2023-09-13,Tradesman,Zach Bryan,44,2
2024-04-17,Trae The Truth In Ibiza,J. Cole,1,-
2024-05-15,Training Season,Dua Lipa,10,-
2023-10-25,Tried Our Best,Drake,21,2
2024-07-24,Trouble,Eminem,1,-
2024-04-03,Truck Bed,HARDY,27,41
2024-03-27,True Story,Ariana Grande,30,2
2023-12-06,Try That In A Small Town,Jason Aldean,1,20
2024-06-12,Tu Name,Fuerza Regida,66,14
2024-06-12,Tucson Too Late,Jordan Davis,71,14
2023-10-11,Tulum,Peso Pluma & Grupo Frontera,43,14
2024-01-10,Turks & Caicos,Rod Wave Featuring 21 Savage,13,-
2024-02-14,Turn The Lights Back On,Billy Joel,1,-
2024-08-14,Type Shit,Future| Metro Boomin| Travis Scott & Playboi Carti,2,20
2024-04-17,Tyrant,Beyonce & Dolly Parton,44,2
2024-08-28,U My Everything,Sexyy Red & Drake,44,13
2023-11-15,Un Preview,Bad Bunny,43,7
2023-09-06,Un x100to,Grupo Frontera X Bad Bunny,5,20
2024-01-03,Underneath The Tree,Kelly Clarkson,11,27
2024-05-01,Us Vs. Them,$uicideBoy$,1,-
2024-07-10,Us.,Gracie Abrams Featuring Taylor Swift,36,2
2024-01-24,Used To Be Young,Miley Cyrus,8,21
2024-03-27,Vampire,Olivia Rodrigo,1,35
2024-07-03,Vino Tinto,Peso Pluma| Natanael Cano & Gabito Ballesteros,1,-
2024-01-31,Virginia Beach,Drake,3,14
2023-10-25,Vou 787,Bad Bunny,1,-
2023-10-25,Vuelve Candy B,Bad Bunny,1,-
2024-02-28,Vultures,¥$: Kanye West & Ty Dolla $ign Featuring Lil Durk & Bump J,34,2
2024-04-03,WTFYM,Future & Metro Boomin,1,-
2024-08-28,Wanna Be,GloRilla & Megan Thee Stallion,11,20
2024-08-07,Wanna Be Loved,The Red Clay Strays,1,-
2024-04-24,Water,Tyla,7,29
2023-11-15,Watermelon Moonshine,Lainey Wilson,21,20
2024-08-28,We Can't Be Friends (Wait For Your Love),Ariana Grande,1,24
2024-07-03,We Don't Fight Anymore,Carly Pearce Featuring Chris Stapleton,12,-
2024-04-24,We Don't Trust You,Future & Metro Boomin,8,4
2024-08-14,We Ride,Bryan Martin,56,18
2024-05-01,We Still Don't Trust You,Future| Metro Boomin & The Weeknd,22,2
2023-11-15,Welcome To New York (Taylor's Version),Taylor Swift,14,2
2024-08-28,What Don't Belong To Me,Post Malone,1,-
2023-11-29,What It Is (Block Boy),Doechii Featuring Kodak Black,29,29
2024-03-27,What Was I Made For?,Billie Eilish,14,35
2023-11-01,What Would Pluto Do,Drake,18,3
2024-07-10,Whatever She Wants,Bryson Tiller,19,20
2024-05-22,Whatsapp (Wassam),Gunna,62,2
2024-01-31,When It Comes To You,Fridayy,2,-
2024-07-10,Where It Ends,Bailey Zimmerman,32,27
2024-04-03,Where My Twin @,Future & Metro Boomin,1,-
2023-10-25,Where She Goes,Bad Bunny,20,-
2024-04-24,Where The Wild Things Are,Luke Combs,26,22
2024-07-10,Where Them Girls At,Megan Thee Stallion,1,-
2024-08-28,Whiskey Whiskey,Moneybagg Yo Featuring Morgan Wallen,21,10
2024-01-03,White Christmas,Bing Crosby With Ken Darby Singers & John Scott Trotter & His Orchestra,12,35
2024-02-14,White Horse,Chris Stapleton,12,29
2024-08-28,Who,Jimin,12,5
2024-07-10,Who's Afraid Of Little Old Me?,Taylor Swift,9,11
2024-08-21,Why Why Why,Shawn Mendes,1,-
2023-11-29,Wick Man,Drake,1,-
2024-06-26,Wild Ones,Jessie Murph & Jelly Roll,35,37
2023-11-22,Wildest Dreams (Taylor's Version),Taylor Swift,19,4
2024-08-28,Wildflower,Billie Eilish,17,14
2024-04-03,Wildflower And Barley,Hozier & Allison Russell,1,-
2024-05-22,Wildflowers And Wild Horses,Lainey Wilson,48,16
2024-08-28,Wind Up Missin' You,Tucker Wetmore,63,21
2024-08-21,Wine Into Whiskey,Tucker Wetmore,68,20
2024-01-03,Winter Wonderland,Chloe,87,2
2024-07-24,Woman's World,Katy Perry,1,-
2024-01-03,Wonderful Christmastime,Paul McCartney,26,13
2024-07-10,Wondering Why,The Red Clay Strays,14,-
2023-11-08,Wonderland (Taylor's Version),Taylor Swift,1,-
2024-03-20,World On Fire,Nate Smith,21,20
2024-03-20,Worth It,Offset & Don Toliver,90,8
2024-08-28,Wrong Ones,Post Malone Featuring Tim McGraw,1,-
2024-02-14,Y Lloro,Junior H,79,7
2024-04-17,Ya Ya,Beyonce,39,2
2024-08-07,Yeah Glo!,GloRilla,28,25
2024-02-28,Yeah!,Usher Featuring Lil Jon & Ludacris,1,47
2024-04-17,Yes; And?,Ariana Grande,1,13
2023-11-08,You Are In Love (Taylor's Version),Taylor Swift,1,-
2024-04-03,You Broke My Heart,Drake,11,19
2024-08-28,You Look Like You Love Me,Ella Langley Featuring Riley Green,36,9
2024-01-03,You're A Mean One; Mr. Grinch,Thurl Ravenscroft,31,12
2024-02-22,You're Gonna Go Far,Noah Kahan,1,-
2024-01-17,You're Losing Me (From The Vault),Taylor Swift,27,7
2024-04-24,Young Metro,Future| Metro Boomin & The Weeknd,9,4
2023-09-13,Your Heart Or Mine,Jon Pardi,47,17
2024-06-26,Your Place,Ashley Cooke,80,4
2024-08-28,Yours,Post Malone,1,-
2024-07-03,feelslikeimfallinginlove,Coldplay,1,-
2024-05-22,imgonnagetyouback,Taylor Swift,26,4
2024-06-12,loml,Taylor Swift,12,7
2024-05-15,thanK you aIMee,Taylor Swift,23,3
